"Test Case ID","Test Case Name","Test Case Type","Precondition","Action","Expected Result","Requirement","Result","Automated Tests Run","Duration (ms)","Failure Details"
"UT-01","Decode reference response","Functional - Positive","src/decoder.js exports decodeRpmResponse","Call decodeRpmResponse with '41 0C 1A F8'","ok is true; rpm is 1726; bytes are [0x41, 0x0C, 0x1A, 0xF8]; normalized is '41 0C 1A F8'","FR-02; FR-06; QR-01","Pass","1","1.1",""
"UT-02","Accept lowercase hex","Functional - Positive","src/decoder.js exports decodeRpmResponse","Call decodeRpmResponse with '41 0c 1a f8'","ok is true; rpm is 1726; normalized is '41 0C 1A F8' (upper-cased)","FR-02","Pass","1","0.2",""
"UT-03","Accept mixed-case hex","Functional - Positive","src/decoder.js exports decodeRpmResponse","Call decodeRpmResponse with '41 0C 1a F8'","ok is true; rpm is 1726; normalized is '41 0C 1A F8'","FR-02","Pass","1","0.1",""
"UT-04","Boundary: minimum rpm (A=00, B=00)","Boundary","src/decoder.js exports decodeRpmResponse","Call decodeRpmResponse with '41 0C 00 00'","ok is true; rpm is 0","FR-06; QR-01","Pass","1","0.2",""
"UT-05","Boundary: smallest step (A=00, B=01)","Boundary","src/decoder.js exports decodeRpmResponse","Call decodeRpmResponse with '41 0C 00 01'","ok is true; rpm is 0.25","FR-06; FR-07","Pass","1","0.1",""
"UT-06","Boundary: fractional 0.5 (B=02)","Boundary","src/decoder.js exports decodeRpmResponse","Call decodeRpmResponse with '41 0C 00 02'","ok is true; rpm is 0.5","FR-06; FR-07","Pass","1","0.1",""
"UT-07","Boundary: fractional 0.75 (B=03)","Boundary","src/decoder.js exports decodeRpmResponse","Call decodeRpmResponse with '41 0C 00 03'","ok is true; rpm is 0.75","FR-06; FR-07","Pass","1","0.1",""
"UT-08","Boundary: first whole value (B=04)","Boundary","src/decoder.js exports decodeRpmResponse","Call decodeRpmResponse with '41 0C 00 04'","ok is true; rpm is 1","FR-06","Pass","1","0.1",""
"UT-09","Boundary: maximum B with A=00","Boundary","src/decoder.js exports decodeRpmResponse","Call decodeRpmResponse with '41 0C 00 FF'","ok is true; rpm is 63.75","FR-06; FR-07","Pass","1","0.9",""
"UT-10","Boundary: A contributes 256 per step (A=01, B=00)","Boundary","src/decoder.js exports decodeRpmResponse","Call decodeRpmResponse with '41 0C 01 00'","ok is true; rpm is 64","FR-06","Pass","1","0.1",""
"UT-11","Boundary: below sign boundary (A=7F, B=FF)","Boundary","src/decoder.js exports decodeRpmResponse","Call decodeRpmResponse with '41 0C 7F FF'","ok is true; rpm is 8191.75","FR-06","Pass","1","0.0",""
"UT-12","Boundary: bytes are unsigned (A=80, B=00)","Boundary","src/decoder.js exports decodeRpmResponse","Call decodeRpmResponse with '41 0C 80 00'","ok is true; rpm is 8192 (no sign interpretation)","FR-06","Pass","1","0.0",""
"UT-13","Boundary: maximum A with B=00","Boundary","src/decoder.js exports decodeRpmResponse","Call decodeRpmResponse with '41 0C FF 00'","ok is true; rpm is 16320","FR-06","Pass","1","0.0",""
"UT-14","Boundary: maximum rpm (A=FF, B=FF)","Boundary","src/decoder.js exports decodeRpmResponse","Call decodeRpmResponse with '41 0C FF FF'","ok is true; rpm is 16383.75","FR-06; FR-07","Pass","1","0.0",""
"UT-15","Whitespace: leading and trailing spaces","Functional - Positive","src/decoder.js exports decodeRpmResponse","Call decodeRpmResponse with '  41 0C 1A F8  ' (two leading and two trailing spaces)","ok is true; rpm is 1726; normalized is '41 0C 1A F8'","FR-02","Pass","1","0.1",""
"UT-16","Whitespace: multiple internal spaces","Functional - Positive","src/decoder.js exports decodeRpmResponse","Call decodeRpmResponse with '41  0C   1A    F8' (2, 3 and 4 spaces between bytes)","ok is true; rpm is 1726; normalized is '41 0C 1A F8'","FR-02","Pass","1","0.0",""
"UT-17","Whitespace: tab separators","Functional - Positive","src/decoder.js exports decodeRpmResponse","Call decodeRpmResponse with the four bytes 41, 0C, 1A, F8 separated by tab characters","ok is true; rpm is 1726; normalized is '41 0C 1A F8'","FR-02","Pass","1","0.0",""
"UT-18","Whitespace: trailing line ending","Functional - Positive","src/decoder.js exports decodeRpmResponse","Call decodeRpmResponse with '41 0C 1A F8' followed by a carriage return and a line feed","ok is true; rpm is 1726; normalized is '41 0C 1A F8'","FR-02","Pass","1","0.0",""
"UT-19","Reject empty string","Functional - Negative","src/decoder.js exports decodeRpmResponse","Call decodeRpmResponse with an empty string","ok is false; code is EMPTY","FR-03","Pass","1","0.1",""
"UT-20","Reject spaces-only input","Functional - Negative","src/decoder.js exports decodeRpmResponse","Call decodeRpmResponse with three spaces","ok is false; code is EMPTY","FR-03","Pass","1","0.0",""
"UT-21","Reject whitespace-characters-only input","Functional - Negative","src/decoder.js exports decodeRpmResponse","Call decodeRpmResponse with a tab, a carriage return and a line feed only","ok is false; code is EMPTY","FR-03","Pass","1","0.0",""
"UT-22","Reject 1 byte","Functional - Negative","src/decoder.js exports decodeRpmResponse","Call decodeRpmResponse with '41'","ok is false; code is WRONG_BYTE_COUNT","FR-03","Pass","1","0.1",""
"UT-23","Reject 2 bytes","Functional - Negative","src/decoder.js exports decodeRpmResponse","Call decodeRpmResponse with '41 0C'","ok is false; code is WRONG_BYTE_COUNT","FR-03","Pass","1","0.0",""
"UT-24","Reject 3 bytes","Functional - Negative","src/decoder.js exports decodeRpmResponse","Call decodeRpmResponse with '41 0C F8'","ok is false; code is WRONG_BYTE_COUNT","FR-03","Pass","1","0.0",""
"UT-25","Reject 5 bytes","Functional - Negative","src/decoder.js exports decodeRpmResponse","Call decodeRpmResponse with '41 0C 1A F8 00'","ok is false; code is WRONG_BYTE_COUNT","FR-03","Pass","1","0.0",""
"UT-26","Reject 8 bytes","Functional - Negative","src/decoder.js exports decodeRpmResponse","Call decodeRpmResponse with '41 0C 1A F8 41 0C 1A F8'","ok is false; code is WRONG_BYTE_COUNT","FR-03","Pass","1","0.0",""
"UT-27","Reject bytes without separators","Functional - Negative","src/decoder.js exports decodeRpmResponse","Call decodeRpmResponse with '410C1AF8'","ok is false; code is WRONG_BYTE_COUNT (input is not re-tokenized)","FR-03","Pass","1","0.0",""
"UT-28","Reject comma separators","Functional - Negative","src/decoder.js exports decodeRpmResponse","Call decodeRpmResponse with '41,0C,1A,F8'","ok is false; code is WRONG_BYTE_COUNT (one token)","FR-03","Pass","1","0.0",""
"UT-29","Reject non-hex character","Functional - Negative","src/decoder.js exports decodeRpmResponse","Call decodeRpmResponse with '41 0C 1G F8'","ok is false; code is INVALID_BYTE","FR-03","Pass","1","0.1",""
"UT-30","Reject single hex digit","Functional - Negative","src/decoder.js exports decodeRpmResponse","Call decodeRpmResponse with '41 0C 1 F8'","ok is false; code is INVALID_BYTE","FR-03","Pass","1","0.0",""
"UT-31","Reject three hex digits","Functional - Negative","src/decoder.js exports decodeRpmResponse","Call decodeRpmResponse with '41 0C 1AF F8'","ok is false; code is INVALID_BYTE","FR-03","Pass","1","0.0",""
"UT-32","Reject 0x prefix","Functional - Negative","src/decoder.js exports decodeRpmResponse","Call decodeRpmResponse with '0x41 0C 1A F8'","ok is false; code is INVALID_BYTE","FR-03","Pass","1","0.0",""
"UT-33","Reject minus sign","Functional - Negative","src/decoder.js exports decodeRpmResponse","Call decodeRpmResponse with '41 0C -1 F8'","ok is false; code is INVALID_BYTE","FR-03","Pass","1","0.0",""
"UT-34","Reject plus sign","Functional - Negative","src/decoder.js exports decodeRpmResponse","Call decodeRpmResponse with '41 0C +1 F8'","ok is false; code is INVALID_BYTE","FR-03","Pass","1","0.0",""
"UT-35","Reject punctuation in byte","Functional - Negative","src/decoder.js exports decodeRpmResponse","Call decodeRpmResponse with '41 0C 1. F8'","ok is false; code is INVALID_BYTE","FR-03","Pass","1","0.0",""
"UT-36","Reject full-width digits","Functional - Negative","src/decoder.js exports decodeRpmResponse","Call decodeRpmResponse with the full-width digits U+FF14 U+FF11 as the first byte, then '0C 1A F8'","ok is false; code is INVALID_BYTE (only ASCII hex accepted)","FR-03","Pass","1","0.1",""
"UT-37","Reject wrong service 42","Functional - Negative","src/decoder.js exports decodeRpmResponse","Call decodeRpmResponse with '42 0C 1A F8'","ok is false; code is WRONG_SERVICE","FR-04","Pass","1","0.0",""
"UT-38","Reject request service 01","Functional - Negative","src/decoder.js exports decodeRpmResponse","Call decodeRpmResponse with '01 0C 1A F8'","ok is false; code is WRONG_SERVICE","FR-04","Pass","1","0.0",""
"UT-39","Reject negative-response marker 7F","Functional - Negative","src/decoder.js exports decodeRpmResponse","Call decodeRpmResponse with '7F 0C 1A F8'","ok is false; code is WRONG_SERVICE","FR-04","Pass","1","0.0",""
"UT-40","Reject wrong PID 0D","Functional - Negative","src/decoder.js exports decodeRpmResponse","Call decodeRpmResponse with '41 0D 1A F8'","ok is false; code is WRONG_PID","FR-05","Pass","1","0.1",""
"UT-41","Reject wrong PID 00","Functional - Negative","src/decoder.js exports decodeRpmResponse","Call decodeRpmResponse with '41 00 1A F8'","ok is false; code is WRONG_PID","FR-05","Pass","1","0.0",""
"UT-42","Reject wrong PID 0B (adjacent value)","Functional - Negative","src/decoder.js exports decodeRpmResponse","Call decodeRpmResponse with '41 0B 1A F8'","ok is false; code is WRONG_PID","FR-05","Pass","1","0.0",""
"UT-43","Precedence: byte count before byte syntax","Precedence","src/decoder.js exports decodeRpmResponse","Call decodeRpmResponse with '41 0C 1G' (3 bytes and one invalid byte)","ok is false; code is WRONG_BYTE_COUNT","FR-03; Req. Section 8","Pass","1","0.1",""
"UT-44","Precedence: byte syntax before service","Precedence","src/decoder.js exports decodeRpmResponse","Call decodeRpmResponse with 'ZZ 0C 1A F8' (invalid byte in the service position)","ok is false; code is INVALID_BYTE","FR-03; FR-04; Req. Section 8","Pass","1","0.0",""
"UT-45","Precedence: byte syntax before service (invalid data byte)","Precedence","src/decoder.js exports decodeRpmResponse","Call decodeRpmResponse with '42 0C 1G F8' (wrong service and invalid byte)","ok is false; code is INVALID_BYTE","FR-03; FR-04; Req. Section 8","Pass","1","0.0",""
"UT-46","Precedence: byte syntax before PID","Precedence","src/decoder.js exports decodeRpmResponse","Call decodeRpmResponse with '41 0D 1G F8' (wrong PID and invalid byte)","ok is false; code is INVALID_BYTE","FR-03; FR-05; Req. Section 8","Pass","1","0.0",""
"UT-47","Precedence: service before PID","Precedence","src/decoder.js exports decodeRpmResponse","Call decodeRpmResponse with '42 0D 1A F8' (wrong service and wrong PID)","ok is false; code is WRONG_SERVICE","FR-04; FR-05; Req. Section 8","Pass","1","0.9",""
"UT-48","Non-string input is treated as empty","Robustness","src/decoder.js exports decodeRpmResponse","For each value undefined, null, the number 123, true, an empty object and an empty array, call decodeRpmResponse with that value","No exception is thrown; ok is false; code is EMPTY for every value (value is never coerced to a string)","FR-03; QR-01","Pass","6","0.5",""
"UT-49","Very long input","Robustness","src/decoder.js exports decodeRpmResponse","Call decodeRpmResponse with a string of 10,000 tokens '41' separated by spaces","No exception is thrown; ok is false; code is WRONG_BYTE_COUNT","FR-03","Pass","1","0.7",""
"UT-50","Results independent of previous calls","Robustness","src/decoder.js exports decodeRpmResponse; reference results captured from fresh calls for '41 0C 1G F8' and '41 0C 1A F8'","Call decodeRpmResponse in the sequence invalid, valid, invalid, valid","Each result deeply equals the fresh result for the same input (no state carried between calls)","FR-08","Pass","1","0.2",""
"UT-51","Deterministic result","Robustness","src/decoder.js exports decodeRpmResponse","Call decodeRpmResponse twice with '41 0C 1A F8'","The two results are deeply equal","QR-01","Pass","1","0.1",""
"UT-52","Success result shape","Contract","src/decoder.js exports decodeRpmResponse","Call decodeRpmResponse with '41 0C 1A F8' and inspect the result","ok is true; bytes has 4 integers in 0-255; rpm is a finite number; normalized and display are strings; no code and no message property","FR-06; swdd 3.1.2","Pass","1","0.1",""
"UT-53","Error result shape and no stale rpm","Contract","src/decoder.js exports decodeRpmResponse","Call decodeRpmResponse for every error vector UT-19 to UT-47 and inspect each result","ok is false; code and message are non-empty strings; no rpm, bytes, normalized or display property","FR-08; swdd 3.1.2","Pass","1","0.2",""
"UT-54","Error messages match design text","Contract","src/decoder.js exports decodeRpmResponse","Decode the vectors of UT-19 (EMPTY), UT-24 (WRONG_BYTE_COUNT), UT-29 (INVALID_BYTE), UT-37 (WRONG_SERVICE), UT-40 (WRONG_PID) and read message","Message equals the exact text in swdd.md Section 5 for each code","Req. Section 8; swdd 5","Pass","1","0.1",""
"UT-55","Only documented error codes are produced","Contract","src/decoder.js exports decodeRpmResponse","Collect code from every error vector UT-19 to UT-47","The set of codes is exactly EMPTY, WRONG_BYTE_COUNT, INVALID_BYTE, WRONG_SERVICE, WRONG_PID","swdd 3.1.2","Pass","1","0.1",""
"UT-56","calculateRpm applies the formula","Unit - Helper","src/decoder.js exports calculateRpm","Call calculateRpm(0x1A, 0xF8), calculateRpm(0, 1) and calculateRpm(255, 255)","Returns 1726, 0.25 and 16383.75","FR-06","Pass","1","0.0",""
"UT-57","formatRpm groups thousands without rounding","Unit - Helper","src/decoder.js exports formatRpm","Call formatRpm with 0, 0.25, 0.5, 1.5, 64, 1726, 16320 and 16383.75","Returns '0 rpm', '0.25 rpm', '0.5 rpm', '1.5 rpm', '64 rpm', '1,726 rpm', '16,320 rpm' and '16,383.75 rpm'","FR-07","Pass","1","0.1",""
"UT-58","display equals formatted rpm","Contract","src/decoder.js exports decodeRpmResponse and formatRpm","Decode '41 0C 1A F8', '41 0C 00 01' and '41 0C FF FF' and read display","display is '1,726 rpm', '0.25 rpm' and '16,383.75 rpm'; each equals formatRpm(rpm)","FR-07","Pass","1","0.1",""
"UT-59","Exhaustive A and B decode","Exhaustive","src/decoder.js exports decodeRpmResponse","For every A and B from 0 to 255 decode '41 0C' followed by A and B as two-digit hex","ok is true; rpm between 0 and 16383.75; rpm * 4 equals A * 256 + B; the number parsed from display equals rpm (no rounding)","FR-06; FR-07; QR-01","Pass","1","116.9",""
"UT-60","Decoder source has no forbidden access","Static Guard","src/decoder.js exists and is readable","Read src/decoder.js as text, strip comments and scan it","No use of document, window, fetch, XMLHttpRequest, localStorage, sessionStorage, console, innerHTML or eval; no import statements","FR-10; QR-02; QR-06","Pass","1","0.6",""
